msg_size,connection_type,messages_seg,bytes_seg
100,wifi_localhost,"1,203369434","120,3369434"
100,wifi_localhost,"0,1397038279","13,97038279"
100,wifi_localhost,"0,2767783006","27,67783006"
100,wifi_localhost,"0,04278074866","4,278074866"
100,wifi_localhost,"0,07380618496","7,380618496"
100,wifi_localhost,"0,05661231884","5,661231884"
100,wifi_localhost,"0,02909683426","2,909683426"
100,wifi_localhost,"0,3145643284","31,45643284"
100,wifi_localhost,"0,7763975155","77,63975155"
100,wifi_localhost,"0,04868549172","4,868549172"
100,wifi_localhost,"0,1312335958","13,12335958"
100,wifi_localhost,"0,1249219238","12,49219238"
100,wifi_localhost,"0,05689253001","5,689253001"
100,wifi_localhost,"0,2701242572","27,01242572"
100,wifi_localhost,"0,03308847859","3,308847859"
100,wifi_localhost,"0,3456619426","34,56619426"
100,wifi_localhost,"0,2297266253","22,97266253"
100,wifi_localhost,"0,4466279589","44,66279589"
100,wifi_localhost,"2,69541779","269,541779"
100,wifi_localhost,"0,1415227852","14,15227852"
100,wifi_localhost,"0,04934616334","4,934616334"
100,wifi_localhost,"0,3514938489","35,14938489"
100,wifi_localhost,"0,477326969","47,7326969"
100,wifi_localhost,"0,2494387628","24,94387628"
100,wifi_localhost,"2,538071066","253,8071066"
100,wifi_localhost,"0,3623188406","36,23188406"
100,wifi_localhost,"0,1085540599","10,85540599"
100,wifi_localhost,"1,081081081","108,1081081"
100,wifi_localhost,"0,162022035","16,2022035"
100,wifi_localhost,"0,2104377104","21,04377104"
100,wifi_localhost,"0,6915629322","69,15629322"
100,wifi_localhost,"0,328731098","32,8731098"
100,wifi_localhost,"0,1769285209","17,69285209"
100,wifi_localhost,"2,747252747","274,7252747"
100,wifi_localhost,"0,1988466892","19,88466892"
100,wifi_localhost,"0,120816721","12,0816721"
100,wifi_localhost,"0,1804402743","18,04402743"
100,wifi_localhost,"0,058356676","5,8356676"
100,wifi_localhost,"0,0467923822","4,67923822"
100,wifi_localhost,"0,05281504172","5,281504172"
100,wifi_localhost,"0,1848428835","18,48428835"
100,wifi_localhost,"0,5277044855","52,77044855"
100,wifi_localhost,"4,329004329","432,9004329"
100,wifi_localhost,"0,1615769914","16,15769914"
100,wifi_localhost,"0,07414547342","7,414547342"
100,wifi_localhost,"0,9496676163","94,96676163"
100,wifi_localhost,"0,05878894768","5,878894768"
100,wifi_localhost,"0,05658669081","5,658669081"
100,wifi_localhost,"0,2696144513","26,96144513"
100,wifi_localhost,"0,05600985773","5,600985773"
100,wifi_localhost,"0,03880029488","3,880029488"
100,wifi_localhost,"0,0832362244","8,32362244"
100,wifi_localhost,"0,09987016878","9,987016878"
100,wifi_localhost,"0,6086427267","60,86427267"
100,wifi_localhost,"0,1256439251","12,56439251"
100,wifi_localhost,"0,2035002035","20,35002035"
100,wifi_localhost,"0,2005213555","20,05213555"
100,wifi_localhost,"0,4325259516","43,25259516"
100,wifi_localhost,"0,02140685876","2,140685876"
100,wifi_localhost,"0,03690445437","3,690445437"
100,wifi_localhost,"0,2378121284","23,78121284"
100,wifi_localhost,"0,07987220447","7,987220447"
100,wifi_localhost,"0,1118193","11,18193"
100,wifi_localhost,"0,5042864347","50,42864347"
100,wifi_localhost,"0,3040437823","30,40437823"
100,wifi_localhost,"0,1276487107","12,76487107"
100,wifi_localhost,"0,05986590038","5,986590038"
100,wifi_localhost,"0,06821747732","6,821747732"
100,wifi_localhost,"0,4210526316","42,10526316"
100,wifi_localhost,"0,1020304051","10,20304051"
100,wifi_localhost,"0,08472422266","8,472422266"
100,wifi_localhost,"0,4014452027","40,14452027"
100,wifi_localhost,"0,1963864886","19,63864886"
100,wifi_localhost,"2,544529262","254,4529262"
100,wifi_localhost,"0,2135383301","21,35383301"
100,wifi_localhost,"0,193986421","19,3986421"
100,wifi_localhost,"0,05857544517","5,857544517"
100,wifi_localhost,"0,4672897196","46,72897196"
100,wifi_localhost,"2,178649237","217,8649237"
100,wifi_localhost,"5,917159763","591,7159763"
100,wifi_localhost,"1,075268817","107,5268817"
100,wifi_localhost,"0,1116320607","11,16320607"
100,wifi_localhost,"0,191828122","19,1828122"
100,wifi_localhost,"0,09649715333","9,649715333"
100,wifi_localhost,"0,09301460329","9,301460329"
100,wifi_localhost,"0,07468817686","7,468817686"
100,wifi_localhost,"2,066115702","206,6115702"
100,wifi_localhost,"0,3891050584","38,91050584"
100,wifi_localhost,"0,09616309261","9,616309261"
100,wifi_localhost,"0,3597122302","35,97122302"
100,wifi_localhost,"0,1072616111","10,72616111"
100,wifi_localhost,"0,2012072435","20,12072435"
100,wifi_localhost,"0,3567606136","35,67606136"
100,wifi_localhost,"0,8718395815","87,18395815"
100,wifi_localhost,"0,07263219059","7,263219059"
100,wifi_localhost,"0,2156101768","21,56101768"
100,wifi_localhost,"0,265674814","26,5674814"
100,wifi_localhost,"0,2418379686","24,18379686"
100,wifi_localhost,"1,642036125","164,2036125"
100,wifi_localhost,"0,1903674091","19,03674091"
100,wifi_chrysalis,"0,06268020559","6,268020559"
100,wifi_chrysalis,"0,06253908693","6,253908693"
100,wifi_chrysalis,"0,2616431188","26,16431188"
100,wifi_chrysalis,"1,058201058","105,8201058"
100,wifi_chrysalis,"0,2274277917","22,74277917"
100,wifi_chrysalis,"0,2763194253","27,63194253"
100,wifi_chrysalis,"0,06053635208","6,053635208"
100,wifi_chrysalis,"0,1686056314","16,86056314"
100,wifi_chrysalis,"0,09762764815","9,762764815"
100,wifi_chrysalis,"0,3151591554","31,51591554"
100,wifi_chrysalis,"0,6472491909","64,72491909"
100,wifi_chrysalis,"0,1550868486","15,50868486"
100,wifi_chrysalis,"0,03440090818","3,440090818"
100,wifi_chrysalis,"0,05136106831","5,136106831"
100,wifi_chrysalis,"0,1423284942","14,23284942"
100,wifi_chrysalis,"2,242152466","224,2152466"
100,wifi_chrysalis,"0,04927564797","4,927564797"
100,wifi_chrysalis,"0,4372540446","43,72540446"
100,wifi_chrysalis,"0,6609385327","66,09385327"
100,wifi_chrysalis,"0,1995211492","19,95211492"
100,wifi_chrysalis,"0,1923446817","19,23446817"
100,wifi_chrysalis,"0,04817187726","4,817187726"
100,wifi_chrysalis,"0,08468834688","8,468834688"
100,wifi_chrysalis,"0,06296436217","6,296436217"
100,wifi_chrysalis,"0,5060728745","50,60728745"
100,wifi_chrysalis,"1,964636542","196,4636542"
100,wifi_chrysalis,"0,06440808966","6,440808966"
100,wifi_chrysalis,"0,07505817008","7,505817008"
100,wifi_chrysalis,"0,9871668312","98,71668312"
100,wifi_chrysalis,"0,1223690651","12,23690651"
100,wifi_chrysalis,"0,5640157924","56,40157924"
100,wifi_chrysalis,"0,2118195298","21,18195298"
100,wifi_chrysalis,"0,05533728073","5,533728073"
100,wifi_chrysalis,"0,2243158367","22,43158367"
100,wifi_chrysalis,"0,1493428913","14,93428913"
100,wifi_chrysalis,"0,3683241252","36,83241252"
100,wifi_chrysalis,"0,0635122261","6,35122261"
100,wifi_chrysalis,"0,2381519409","23,81519409"
100,wifi_chrysalis,"0,1318565401","13,18565401"
100,wifi_chrysalis,"0,3453038674","34,53038674"
100,wifi_chrysalis,"0,171203561","17,1203561"
100,wifi_chrysalis,"0,1807991322","18,07991322"
100,wifi_chrysalis,"0,08327781479","8,327781479"
100,wifi_chrysalis,"0,1105460977","11,05460977"
100,wifi_chrysalis,"0,107434465","10,7434465"
100,wifi_chrysalis,"0,1062134891","10,62134891"
100,wifi_chrysalis,"0,0511325868","5,11325868"
100,wifi_chrysalis,"0,08791981713","8,791981713"
100,wifi_chrysalis,"0,2234137623","22,34137623"
100,wifi_chrysalis,"0,5081300813","50,81300813"
100,wifi_chrysalis,"0,1948937829","19,48937829"
100,wifi_chrysalis,"0,4793863854","47,93863854"
100,wifi_chrysalis,"0,09087604507","9,087604507"
100,wifi_chrysalis,"0,04940711462","4,940711462"
100,wifi_chrysalis,"0,9950248756","99,50248756"
100,wifi_chrysalis,"0,5327650506","53,27650506"
100,wifi_chrysalis,"0,1440092166","14,40092166"
100,wifi_chrysalis,"0,07157683774","7,157683774"
100,wifi_chrysalis,"0,04822996045","4,822996045"
100,wifi_chrysalis,"0,02603285346","2,603285346"
100,wifi_chrysalis,"0,1959247649","19,59247649"
100,wifi_chrysalis,"0,4061738424","40,61738424"
100,wifi_chrysalis,"0,676132522","67,6132522"
100,wifi_chrysalis,"0,05044899606","5,044899606"
100,wifi_chrysalis,"1,084598698","108,4598698"
100,wifi_chrysalis,"0,3993610224","39,93610224"
100,wifi_chrysalis,"0,05884429799","5,884429799"
100,wifi_chrysalis,"0,06559527714","6,559527714"
100,wifi_chrysalis,"0,1061909313","10,61909313"
100,wifi_chrysalis,"0,09755145839","9,755145839"
100,wifi_chrysalis,"0,3743916136","37,43916136"
100,wifi_chrysalis,"0,1160496693","11,60496693"
100,wifi_chrysalis,"1,503759398","150,3759398"
100,wifi_chrysalis,"0,05235876224","5,235876224"
100,wifi_chrysalis,"0,0905387053","9,05387053"
100,wifi_chrysalis,"0,0560915414","5,60915414"
100,wifi_chrysalis,"0,1023541453","10,23541453"
100,wifi_chrysalis,"0,2166377816","21,66377816"
100,wifi_chrysalis,"0,1681520094","16,81520094"
100,wifi_chrysalis,"0,09547450831","9,547450831"
100,wifi_chrysalis,"0,2450980392","24,50980392"
100,wifi_chrysalis,"0,07854225573","7,854225573"
100,wifi_chrysalis,"0,06827802813","6,827802813"
100,wifi_chrysalis,"0,1868809568","18,68809568"
100,wifi_chrysalis,"0,08415383321","8,415383321"
100,wifi_chrysalis,"0,03386960203","3,386960203"
100,wifi_chrysalis,"0,3203074952","32,03074952"
100,wifi_chrysalis,"0,07487271638","7,487271638"
100,wifi_chrysalis,"0,4355400697","43,55400697"
100,wifi_chrysalis,"0,2649708532","26,49708532"
100,wifi_chrysalis,"0,07575183698","7,575183698"
100,wifi_chrysalis,"0,2889338342","28,89338342"
100,wifi_chrysalis,"0,07305669199","7,305669199"
100,wifi_chrysalis,"0,1160631383","11,60631383"
100,wifi_chrysalis,"0,06741270055","6,741270055"
100,wifi_chrysalis,"0,1251094708","12,51094708"
100,wifi_chrysalis,"0,1076078769","10,76078769"
100,wifi_chrysalis,"0,0513478819","5,13478819"
100,wifi_chrysalis,"0,3795066414","37,95066414"
100,wifi_chrysalis,"0,2911208151","29,11208151"
100,ethernet_localhost,"0,2552974215","25,52974215"
100,ethernet_localhost,"0,06327912422","6,327912422"
100,ethernet_localhost,"0,161498708","16,1498708"
100,ethernet_localhost,"21,73913043","2173,913043"
100,ethernet_localhost,"0,8058017728","80,58017728"
100,ethernet_localhost,"0,07867820614","7,867820614"
100,ethernet_localhost,"0,08786574115","8,786574115"
100,ethernet_localhost,"1,615508885","161,5508885"
100,ethernet_localhost,"0,2948982601","29,48982601"
100,ethernet_localhost,"0,4233700254","42,33700254"
100,ethernet_localhost,"0,1662234043","16,62234043"
100,ethernet_localhost,"0,2255299955","22,55299955"
100,ethernet_localhost,"0,5396654074","53,96654074"
100,ethernet_localhost,"0,4029008864","40,29008864"
100,ethernet_localhost,"0,226963232","22,6963232"
100,ethernet_localhost,"0,6097560976","60,97560976"
100,ethernet_localhost,"0,1485884101","14,85884101"
100,ethernet_localhost,"0,07783312578","7,783312578"
100,ethernet_localhost,"0,2050861362","20,50861362"
100,ethernet_localhost,"0,117674747","11,7674747"
100,ethernet_localhost,"0,1430410528","14,30410528"
100,ethernet_localhost,"0,06581545347","6,581545347"
100,ethernet_localhost,"2,004008016","200,4008016"
100,ethernet_localhost,"0,1645819618","16,45819618"
100,ethernet_localhost,"0,1025851457","10,25851457"
100,ethernet_localhost,"0,1282215669","12,82215669"
100,ethernet_localhost,"0,02812306654","2,812306654"
100,ethernet_localhost,"0,1816200509","18,16200509"
100,ethernet_localhost,"1,149425287","114,9425287"
100,ethernet_localhost,"0,5030181087","50,30181087"
100,ethernet_localhost,"0,09332711153","9,332711153"
100,ethernet_localhost,"0,1406667604","14,06667604"
100,ethernet_localhost,"0,1432254368","14,32254368"
100,ethernet_localhost,"0,7288629738","72,88629738"
100,ethernet_localhost,"0,1459854015","14,59854015"
100,ethernet_localhost,"0,04960071425","4,960071425"
100,ethernet_localhost,"0,5437737901","54,37737901"
100,ethernet_localhost,"0,1161575096","11,61575096"
100,ethernet_localhost,"0,756429652","75,6429652"
100,ethernet_localhost,"0,7304601899","73,04601899"
100,ethernet_localhost,"0,08073631519","8,073631519"
100,ethernet_localhost,"0,03937317899","3,937317899"
100,ethernet_localhost,"0,2329373399","23,29373399"
100,ethernet_localhost,"1,158748552","115,8748552"
100,ethernet_localhost,"0,2025931929","20,25931929"
100,ethernet_localhost,"0,02720644249","2,720644249"
100,ethernet_localhost,"0,07462129692","7,462129692"
100,ethernet_localhost,"0,1972775695","19,72775695"
100,ethernet_localhost,"0,2364625207","23,64625207"
100,ethernet_localhost,"0,3344481605","33,44481605"
100,ethernet_localhost,"0,1598721023","15,98721023"
100,ethernet_localhost,"0,07423353871","7,423353871"
100,ethernet_localhost,"0,03090521371","3,090521371"
100,ethernet_localhost,"0,1117818019","11,17818019"
100,ethernet_localhost,"0,06689410663","6,689410663"
100,ethernet_localhost,"0,6447453256","64,47453256"
100,ethernet_localhost,"0,08285004143","8,285004143"
100,ethernet_localhost,"0,2340276153","23,40276153"
100,ethernet_localhost,"0,143307538","14,3307538"
100,ethernet_localhost,"0,06587181345","6,587181345"
100,ethernet_localhost,"0,04821368304","4,821368304"
100,ethernet_localhost,"0,1232134056","12,32134056"
100,ethernet_localhost,"0,303030303","30,3030303"
100,ethernet_localhost,"0,2732240437","27,32240437"
100,ethernet_localhost,"0,1798561151","17,98561151"
100,ethernet_localhost,"15,15151515","1515,151515"
100,ethernet_localhost,"0,07242702977","7,242702977"
100,ethernet_localhost,"0,5165289256","51,65289256"
100,ethernet_localhost,"0,272479564","27,2479564"
100,ethernet_localhost,"1,162790698","116,2790698"
100,ethernet_localhost,"0,2295684114","22,95684114"
100,ethernet_localhost,"0,3065603924","30,65603924"
100,ethernet_localhost,"0,06195786865","6,195786865"
100,ethernet_localhost,"0,05242189138","5,242189138"
100,ethernet_localhost,"0,03972983711","3,972983711"
100,ethernet_localhost,"0,03215847697","3,215847697"
100,ethernet_localhost,"0,09487666034","9,487666034"
100,ethernet_localhost,"0,8196721311","81,96721311"
100,ethernet_localhost,"0,1408252359","14,08252359"
100,ethernet_localhost,"0,04143875352","4,143875352"
100,ethernet_localhost,"0,2675227394","26,75227394"
100,ethernet_localhost,"0,3889537145","38,89537145"
100,ethernet_localhost,"0,1226692836","12,26692836"
100,ethernet_localhost,"0,3270111184","32,70111184"
100,ethernet_localhost,"0,1490312966","14,90312966"
100,ethernet_localhost,"0,09062896502","9,062896502"
100,ethernet_localhost,"0,07213445863","7,213445863"
100,ethernet_localhost,"2,087682672","208,7682672"
100,ethernet_localhost,"0,1579030475","15,79030475"
100,ethernet_localhost,"0,1605136437","16,05136437"
100,ethernet_localhost,"0,1280409731","12,80409731"
100,ethernet_localhost,"0,1746419839","17,46419839"
100,ethernet_localhost,"0,1118818528","11,18818528"
100,ethernet_localhost,"0,5047955578","50,47955578"
100,ethernet_localhost,"0,08749671887","8,749671887"
100,ethernet_localhost,"0,7251631617","72,51631617"
100,ethernet_localhost,"0,1185677022","11,85677022"
100,ethernet_localhost,"0,8912655971","89,12655971"
100,ethernet_localhost,"0,0806907125","8,06907125"
100,ethernet_localhost,"0,4006410256","40,06410256"
100,ethernet_chrysalis,"0,2919708029","29,19708029"
100,ethernet_chrysalis,"0,5434782609","54,34782609"
100,ethernet_chrysalis,"0,07757951901","7,757951901"
100,ethernet_chrysalis,"0,1177717583","11,77717583"
100,ethernet_chrysalis,"0,03985492806","3,985492806"
100,ethernet_chrysalis,"0,6273525721","62,73525721"
100,ethernet_chrysalis,"0,03362135629","3,362135629"
100,ethernet_chrysalis,"0,7961783439","79,61783439"
100,ethernet_chrysalis,"0,1796299623","17,96299623"
100,ethernet_chrysalis,"0,0264746373","2,64746373"
100,ethernet_chrysalis,"0,9074410163","90,74410163"
100,ethernet_chrysalis,"0,07204610951","7,204610951"
100,ethernet_chrysalis,"0,1014507457","10,14507457"
100,ethernet_chrysalis,"0,199920032","19,9920032"
100,ethernet_chrysalis,"0,07877737514","7,877737514"
100,ethernet_chrysalis,"0,4522840344","45,22840344"
100,ethernet_chrysalis,"0,2962962963","29,62962963"
100,ethernet_chrysalis,"0,1960784314","19,60784314"
100,ethernet_chrysalis,"0,6770480704","67,70480704"
100,ethernet_chrysalis,"0,2348520432","23,48520432"
100,ethernet_chrysalis,"0,3207184092","32,07184092"
100,ethernet_chrysalis,"0,408496732","40,8496732"
100,ethernet_chrysalis,"0,1512172993","15,12172993"
100,ethernet_chrysalis,"0,4551661356","45,51661356"
100,ethernet_chrysalis,"0,2164502165","21,64502165"
100,ethernet_chrysalis,"0,03750937734","3,750937734"
100,ethernet_chrysalis,"0,01940052381","1,940052381"
100,ethernet_chrysalis,"0,8230452675","82,30452675"
100,ethernet_chrysalis,"0,08231807705","8,231807705"
100,ethernet_chrysalis,"0,14803849","14,803849"
100,ethernet_chrysalis,"0,09899029895","9,899029895"
100,ethernet_chrysalis,"0,04035349663","4,035349663"
100,ethernet_chrysalis,"0,04356728968","4,356728968"
100,ethernet_chrysalis,"0,04935346955","4,935346955"
100,ethernet_chrysalis,"0,1187507422","11,87507422"
100,ethernet_chrysalis,"0,15795293","15,795293"
100,ethernet_chrysalis,"0,2446183953","24,46183953"
100,ethernet_chrysalis,"0,1255492781","12,55492781"
100,ethernet_chrysalis,"0,2722570106","27,22570106"
100,ethernet_chrysalis,"0,1927153594","19,27153594"
100,ethernet_chrysalis,"0,1480165779","14,80165779"
100,ethernet_chrysalis,"0,1238236751","12,38236751"
100,ethernet_chrysalis,"0,176366843","17,6366843"
100,ethernet_chrysalis,"0,1834189288","18,34189288"
100,ethernet_chrysalis,"0,5913660556","59,13660556"
100,ethernet_chrysalis,"0,5296610169","52,96610169"
100,ethernet_chrysalis,"0,3318951211","33,18951211"
100,ethernet_chrysalis,"0,1329256945","13,29256945"
100,ethernet_chrysalis,"0,2091612633","20,91612633"
100,ethernet_chrysalis,"0,1763357433","17,63357433"
100,ethernet_chrysalis,"0,7867820614","78,67820614"
100,ethernet_chrysalis,"0,08986340762","8,986340762"
100,ethernet_chrysalis,"0,04822763443","4,822763443"
100,ethernet_chrysalis,"0,147601476","14,7601476"
100,ethernet_chrysalis,"0,04917146088","4,917146088"
100,ethernet_chrysalis,"0,2960331557","29,60331557"
100,ethernet_chrysalis,"0,08920606601","8,920606601"
100,ethernet_chrysalis,"0,1279263144","12,79263144"
100,ethernet_chrysalis,"0,1211093618","12,11093618"
100,ethernet_chrysalis,"0,4364906155","43,64906155"
100,ethernet_chrysalis,"0,4800768123","48,00768123"
100,ethernet_chrysalis,"0,1127395716","11,27395716"
100,ethernet_chrysalis,"0,08875477057","8,875477057"
100,ethernet_chrysalis,"0,1164551066","11,64551066"
100,ethernet_chrysalis,"0,9165902841","91,65902841"
100,ethernet_chrysalis,"0,1001602564","10,01602564"
100,ethernet_chrysalis,"0,1166588894","11,66588894"
100,ethernet_chrysalis,"0,05587840858","5,587840858"
100,ethernet_chrysalis,"0,02997781642","2,997781642"
100,ethernet_chrysalis,"0,07059654077","7,059654077"
100,ethernet_chrysalis,"0,1455815985","14,55815985"
100,ethernet_chrysalis,"0,05130046683","5,130046683"
100,ethernet_chrysalis,"0,2425418385","24,25418385"
100,ethernet_chrysalis,"0,08713837574","8,713837574"
100,ethernet_chrysalis,"0,1308900524","13,08900524"
100,ethernet_chrysalis,"0,08614748449","8,614748449"
100,ethernet_chrysalis,"0,1514233798","15,14233798"
100,ethernet_chrysalis,"0,07136230643","7,136230643"
100,ethernet_chrysalis,"0,1885369532","18,85369532"
100,ethernet_chrysalis,"0,1604878832","16,04878832"
100,ethernet_chrysalis,"0,1242390359","12,42390359"
100,ethernet_chrysalis,"0,09747538746","9,747538746"
100,ethernet_chrysalis,"0,466853408","46,6853408"
100,ethernet_chrysalis,"0,1428775539","14,28775539"
100,ethernet_chrysalis,"0,1146000458","11,46000458"
100,ethernet_chrysalis,"0,03773157756","3,773157756"
100,ethernet_chrysalis,"0,1194172439","11,94172439"
100,ethernet_chrysalis,"0,143472023","14,3472023"
100,ethernet_chrysalis,"0,12667849","12,667849"
100,ethernet_chrysalis,"0,1397819402","13,97819402"
100,ethernet_chrysalis,"0,4086636698","40,86636698"
100,ethernet_chrysalis,"0,2271694684","22,71694684"
100,ethernet_chrysalis,"0,09248127254","9,248127254"
100,ethernet_chrysalis,"0,1755617978","17,55617978"
100,ethernet_chrysalis,"0,2247191011","22,47191011"
100,ethernet_chrysalis,"0,1795009873","17,95009873"
100,ethernet_chrysalis,"0,1910219675","19,10219675"
100,ethernet_chrysalis,"0,3883495146","38,83495146"
100,ethernet_chrysalis,"0,1885369532","18,85369532"
100,ethernet_chrysalis,"0,1457513482","14,57513482"
1024,wifi_localhost,"0,04703447627","48,1633037"
1024,wifi_localhost,"0,09445546425","96,72239539"
1024,wifi_localhost,"0,03602824614","36,89292405"
1024,wifi_localhost,"0,02326988412","23,82836133"
1024,wifi_localhost,"0,1257229067","128,7402565"
1024,wifi_localhost,"0,03702058344","37,90907745"
1024,wifi_localhost,"0,01053540951","10,78825934"
1024,wifi_localhost,"0,03506926179","35,91092408"
1024,wifi_localhost,"0,03157562362","32,33343859"
1024,wifi_localhost,"0,09621860868","98,52785529"
1024,wifi_localhost,"0,02237386732","22,91084014"
1024,wifi_localhost,"0,01298903725","13,30077415"
1024,wifi_localhost,"0,1044713748","106,9786878"
1024,wifi_localhost,"1,569858713","1607,535322"
1024,wifi_localhost,"0,07777864198","79,64532939"
1024,wifi_localhost,"0,02529340348","25,90044516"
1024,wifi_localhost,"0,01643817602","16,83269224"
1024,wifi_localhost,"0,1566661444","160,4261319"
1024,wifi_localhost,"0,03291639236","33,70638578"
1024,wifi_localhost,"0,5743825388","588,1677197"
1024,wifi_localhost,"0,07272727273","74,47272727"
1024,wifi_localhost,"0,06279040563","64,29737536"
1024,wifi_localhost,"0,02287439669","23,42338221"
1024,wifi_localhost,"0,03384438352","34,65664873"
1024,wifi_localhost,"0,02032107295","20,8087787"
1024,wifi_localhost,"0,06768647624","69,31095167"
1024,wifi_localhost,"0,02183787561","22,36198463"
1024,wifi_localhost,"0,1022808633","104,735604"
1024,wifi_localhost,"0,05432125591","55,62496605"
1024,wifi_localhost,"0,02428186388","24,86462861"
1024,wifi_localhost,"0,04580012824","46,89933132"
1024,wifi_localhost,"0,09174311927","93,94495413"
1024,wifi_localhost,"0,01549834943","15,87030981"
1024,wifi_localhost,"0,02119766826","21,70641229"
1024,wifi_localhost,"0,02061983215","21,11470813"
1024,wifi_localhost,"0,03445068385","35,27750026"
1024,wifi_localhost,"0,1583280557","162,1279291"
1024,wifi_localhost,"0,0291825955","29,88297779"
1024,wifi_localhost,"0,1662786831","170,2693715"
1024,wifi_localhost,"0,1452432825","148,7291213"
1024,wifi_localhost,"0,05523641184","56,56208573"
1024,wifi_localhost,"0,063500127","65,02413005"
1024,wifi_localhost,"0,0398962697","40,85378017"
1024,wifi_localhost,"0,5288207298","541,5124273"
1024,wifi_localhost,"0,1171234481","119,9344109"
1024,wifi_localhost,"0,219731927","225,0054933"
1024,wifi_localhost,"0,1895734597","194,1232227"
1024,wifi_localhost,"0,03720653347","38,09949027"
1024,wifi_localhost,"0,07506380423","76,86533554"
1024,wifi_localhost,"0,1169180405","119,7240734"
1024,wifi_localhost,"0,01975152581","20,22556242"
1024,wifi_localhost,"0,09724788486","99,5818341"
1024,wifi_localhost,"0,1179662616","120,7974519"
1024,wifi_localhost,"0,1529051988","156,5749235"
1024,wifi_localhost,"0,06292078273","64,43088152"
1024,wifi_localhost,"0,01194343589","12,23007835"
1024,wifi_localhost,"0,01679261125","17,19563392"
1024,wifi_localhost,"0,08596234849","88,02544486"
1024,wifi_localhost,"0,02792984024","28,60015641"
1024,wifi_localhost,"0,8130081301","832,5203252"
1024,wifi_localhost,"0,5165289256","528,9256198"
1024,wifi_localhost,"0,08719916289","89,2919428"
1024,wifi_localhost,"0,02793452148","28,60495"
1024,wifi_localhost,"0,1086838387","111,2922508"
1024,wifi_localhost,"0,1099868016","112,6264848"
1024,wifi_localhost,"0,06845095489","70,09377781"
1024,wifi_localhost,"0,04208931352","43,09945705"
1024,wifi_localhost,"0,02521940886","25,82467467"
1024,wifi_localhost,"0,04927807618","50,46075001"
1024,wifi_localhost,"0,1503759398","153,9849624"
1024,wifi_localhost,"0,03195909236","32,72611058"
1024,wifi_localhost,"0,01214137416","12,43276714"
1024,wifi_localhost,"0,2774694784","284,1287458"
1024,wifi_localhost,"0,02340440471","23,96611042"
1024,wifi_localhost,"0,05090872066","52,13052996"
1024,wifi_localhost,"0,07012622721","71,80925666"
1024,wifi_localhost,"0,008195915156","8,39261712"
1024,wifi_localhost,"0,06222000996","63,71329019"
1024,wifi_localhost,"0,2205071665","225,7993385"
1024,wifi_localhost,"0,04189359028","42,89903645"
1024,wifi_localhost,"0,4498425551","460,6387764"
1024,wifi_localhost,"0,1597444089","163,5782748"
1024,wifi_localhost,"0,214454214","219,6011152"
1024,wifi_localhost,"0,1413028119","144,6940794"
1024,wifi_localhost,"0,02656536408","27,20293282"
1024,wifi_localhost,"2,331002331","2386,946387"
1024,wifi_localhost,"0,06406149904","65,59897502"
1024,wifi_localhost,"0,06941070313","71,07656001"
1024,wifi_localhost,"0,02562985365","26,24497014"
1024,wifi_localhost,"0,3543586109","362,8632176"
1024,wifi_localhost,"0,4672897196","478,5046729"
1024,wifi_localhost,"0,0266773376","27,3175937"
1024,wifi_localhost,"0,1933488012","197,9891725"
1024,wifi_localhost,"0,005367715339","5,496540507"
1024,wifi_localhost,"2,702702703","2767,567568"
1024,wifi_localhost,"0,5194805195","531,9480519"
1024,wifi_localhost,"0,03418452808","35,00495676"
1024,wifi_localhost,"0,03436308031","35,18779423"
1024,wifi_localhost,"0,09241290084","94,63081046"
1024,wifi_localhost,"0,009963831292","10,20296324"
1024,wifi_chrysalis,"0,04921986514","50,4011419"
1024,wifi_chrysalis,"0,05066112772","51,87699478"
1024,wifi_chrysalis,"0,4875670405","499,2686494"
1024,wifi_chrysalis,"1,808318264","1851,717902"
1024,wifi_chrysalis,"0,8347245409","854,7579299"
1024,wifi_chrysalis,"0,005633898038","5,769111591"
1024,wifi_chrysalis,"0,04123031253","42,21984003"
1024,wifi_chrysalis,"0,06641870351","68,01275239"
1024,wifi_chrysalis,"1,447178003","1481,910275"
1024,wifi_chrysalis,"0,02267882252","23,22311426"
1024,wifi_chrysalis,"0,0226121563","23,15484805"
1024,wifi_chrysalis,"0,350631136","359,0462833"
1024,wifi_chrysalis,"0,0303517771","31,08021975"
1024,wifi_chrysalis,"0,2129925453","218,1043663"
1024,wifi_chrysalis,"0,2123142251","217,4097665"
1024,wifi_chrysalis,"0,03648303539","37,35862824"
1024,wifi_chrysalis,"0,09089256499","93,07398655"
1024,wifi_chrysalis,"0,1711156742","175,2224504"
1024,wifi_chrysalis,"0,09777082519","100,117325"
1024,wifi_chrysalis,"0,09927529038","101,6578973"
1024,wifi_chrysalis,"2,207505519","2260,485651"
1024,wifi_chrysalis,"0,01415127715","14,4909078"
1024,wifi_chrysalis,"2,207505519","2260,485651"
1024,wifi_chrysalis,"0,01415127715","14,4909078"
1024,wifi_chrysalis,"0,01873115178","19,18069942"
1024,wifi_chrysalis,"4,149377593","4248,962656"
1024,wifi_chrysalis,"0,03992653518","40,88477202"
1024,wifi_chrysalis,"0,1214919208","124,4077269"
1024,wifi_chrysalis,"0,09121590805","93,40508985"
1024,wifi_chrysalis,"0,02723682419","27,89050797"
1024,wifi_chrysalis,"0,07641170627","78,24558722"
1024,wifi_chrysalis,"0,1065984437","109,1568063"
1024,wifi_chrysalis,"0,02525954179","25,86577079"
1024,wifi_chrysalis,"0,03509141313","35,93360705"
1024,wifi_chrysalis,"0,08473140146","86,76495509"
1024,wifi_chrysalis,"0,1660302175","170,0149427"
1024,wifi_chrysalis,"0,04906289864","50,2404082"
1024,wifi_chrysalis,"0,5007511267","512,7691537"
1024,wifi_chrysalis,"0,01859081614","19,03699572"
1024,wifi_chrysalis,"0,06065384849","62,10954085"
1024,wifi_chrysalis,"0,03027734044","31,00399661"
1024,wifi_chrysalis,"0,02827574507","28,95436295"
1024,wifi_chrysalis,"0,01590533147","16,28705942"
1024,wifi_chrysalis,"0,2057189879","210,6562436"
1024,wifi_chrysalis,"1,390820584","1424,200278"
1024,wifi_chrysalis,"0,2675227394","273,9432852"
1024,wifi_chrysalis,"0,02307497058","23,62876987"
1024,wifi_chrysalis,"0,265674814","272,0510096"
1024,wifi_chrysalis,"0,252652855","258,7165235"
1024,wifi_chrysalis,"0,1671681712","171,1802073"
1024,wifi_chrysalis,"0,02286498228","23,41374185"
1024,wifi_chrysalis,"0,02423302477","24,81461736"
1024,wifi_chrysalis,"0,06197706848","63,46451813"
1024,wifi_chrysalis,"0,01682340472","17,22716643"
1024,wifi_chrysalis,"3,846153846","3938,461538"
1024,wifi_chrysalis,"0,153704273","157,3931755"
1024,wifi_chrysalis,"0,1188212928","121,6730038"
1024,wifi_chrysalis,"0,1574555188","161,2344513"
1024,wifi_chrysalis,"0,2943773918","301,4424492"
1024,wifi_chrysalis,"0,08609556608","88,16185966"
1024,wifi_chrysalis,"0,02615952076","26,78734926"
1024,wifi_chrysalis,"0,0573033064","58,67858575"
1024,wifi_chrysalis,"0,2175805048","222,8024369"
1024,wifi_chrysalis,"0,04392322221","44,97737954"
1024,wifi_chrysalis,"0,04008658703","41,04866512"
1024,wifi_chrysalis,"0,02265005663","23,19365798"
1024,wifi_chrysalis,"0,009512937595","9,741248097"
1024,wifi_chrysalis,"0,01951447974","19,98282726"
1024,wifi_chrysalis,"0,01305670527","13,3700662"
1024,wifi_chrysalis,"0,0188853846","19,33863383"
1024,wifi_chrysalis,"0,04912797838","50,30704986"
1024,wifi_chrysalis,"0,01595965399","16,34268569"
1024,wifi_chrysalis,"0,1636393389","167,566683"
1024,wifi_chrysalis,"0,05243013684","53,68846013"
1024,wifi_chrysalis,"0,1228048631","125,7521798"
1024,wifi_chrysalis,"0,7936507937","812,6984127"
1024,wifi_chrysalis,"0,08374507998","85,7549619"
1024,wifi_chrysalis,"0,02626119383","26,89146249"
1024,wifi_chrysalis,"2,72479564","2790,190736"
1024,wifi_chrysalis,"0,1658099818","169,7894213"
1024,wifi_chrysalis,"0,200762899","205,5812086"
1024,wifi_chrysalis,"0,07618467164","78,01310376"
1024,wifi_chrysalis,"0,02688461125","27,52984192"
1024,wifi_chrysalis,"0,03664345914","37,52290216"
1024,wifi_chrysalis,"0,03747985458","38,37937109"
1024,wifi_chrysalis,"0,03888932099","39,8226647"
1024,wifi_chrysalis,"0,1503985562","154,0081215"
1024,wifi_chrysalis,"0,05106469897","52,29025175"
1024,wifi_chrysalis,"0,0366663","37,5462912"
1024,wifi_chrysalis,"0,0610798925","62,54580992"
1024,wifi_chrysalis,"0,08157272208","83,53046741"
1024,wifi_chrysalis,"0,1876172608","192,120075"
1024,wifi_chrysalis,"0,01765380881","18,07750022"
1024,wifi_chrysalis,"0,0206024146","21,09687255"
1024,wifi_chrysalis,"0,542888165","555,917481"
1024,wifi_chrysalis,"1,172332943","1200,468933"
1024,wifi_chrysalis,"0,0236099634","24,17660253"
1024,wifi_chrysalis,"0,01211049617","12,40114808"
1024,wifi_chrysalis,"0,03826579421","39,18417327"
1024,wifi_chrysalis,"0,5117707267","524,0532242"
1024,ethernet_localhost,"0,04823926676","49,39700917"
1024,ethernet_localhost,"0,01850446883","18,94857608"
1024,ethernet_localhost,"0,04010266282","41,06512672"
1024,ethernet_localhost,"0,02001040541","20,49065514"
1024,ethernet_localhost,"0,09192021325","94,12629837"
1024,ethernet_localhost,"0,0761614623","77,9893374"
1024,ethernet_localhost,"11,11111111","11377,77778"
1024,ethernet_localhost,"0,07075638576","72,45453902"
1024,ethernet_localhost,"0,2388344877","244,5665154"
1024,ethernet_localhost,"0,03234989648","33,126294"
1024,ethernet_localhost,"0,03739436093","38,29182559"
1024,ethernet_localhost,"0,05960896519","61,03958035"
1024,ethernet_localhost,"0,1210946961","124,0009688"
1024,ethernet_localhost,"2,386634845","2443,914081"
1024,ethernet_localhost,"0,06309546344","64,60975456"
1024,ethernet_localhost,"8,547008547","8752,136752"
1024,ethernet_localhost,"0,1407261469","144,1035744"
1024,ethernet_localhost,"0,2030456853","207,9187817"
1024,ethernet_localhost,"0,1691474966","173,2070365"
1024,ethernet_localhost,"0,05520591807","56,53086011"
1024,ethernet_localhost,"0,009403268576","9,628947022"
1024,ethernet_localhost,"0,01671681712","17,11802073"
1024,ethernet_localhost,"0,06411489389","65,65365134"
1024,ethernet_localhost,"0,02489729864","25,49483381"
1024,ethernet_localhost,"0,02658372544","27,22173485"
1024,ethernet_localhost,"0,04537205082","46,46098004"
1024,ethernet_localhost,"0,03011413256","30,83687174"
1024,ethernet_localhost,"0,03501891021","35,85936406"
1024,ethernet_localhost,"0,7137758744","730,9064954"
1024,ethernet_localhost,"0,06804109682","69,67408315"
1024,ethernet_localhost,"0,8703220191","891,2097476"
1024,ethernet_localhost,"0,6045949214","619,1051995"
1024,ethernet_localhost,"0,0785299199","80,41463798"
1024,ethernet_localhost,"1,934235977","1980,65764"
1024,ethernet_localhost,"0,09449116508","96,75895304"
1024,ethernet_localhost,"0,01992468469","20,40287712"
1024,ethernet_localhost,"0,192159877","196,7717141"
1024,ethernet_localhost,"0,06837606838","70,01709402"
1024,ethernet_localhost,"0,0952471664","97,53309839"
1024,ethernet_localhost,"0,1065530101","109,1102824"
1024,ethernet_localhost,"0,2346316283","240,2627874"
1024,ethernet_localhost,"3,773584906","3864,150943"
1024,ethernet_localhost,"0,03459250035","35,42272035"
1024,ethernet_localhost,"0,2442002442","250,0610501"
1024,ethernet_localhost,"0,03527834615","36,12502646"
1024,ethernet_localhost,"0,07163323782","73,35243553"
1024,ethernet_localhost,"0,07855459544","80,43990573"
1024,ethernet_localhost,"0,05142974697","52,66406089"
1024,ethernet_localhost,"0,4608294931","471,8894009"
1024,ethernet_localhost,"0,03161455534","32,37330467"
1024,ethernet_localhost,"0,6397952655","655,1503519"
1024,ethernet_localhost,"0,08929368694","91,43673542"
1024,ethernet_localhost,"0,01483085411","15,18679461"
1024,ethernet_localhost,"0,06304375236","64,55680242"
1024,ethernet_localhost,"0,01753647587","17,95735129"
1024,ethernet_localhost,"0,09960159363","101,9920319"
1024,ethernet_localhost,"0,07285974499","74,60837887"
1024,ethernet_localhost,"0,03559478892","36,44906386"
1024,ethernet_localhost,"0,566893424","580,4988662"
1024,ethernet_localhost,"0,1115573405","114,2347166"
1024,ethernet_localhost,"0,03486142583","35,69810005"
1024,ethernet_localhost,"0,02089121942","21,39260869"
1024,ethernet_localhost,"0,05563901408","56,97435041"
1024,ethernet_localhost,"0,06127075547","62,7412536"
1024,ethernet_localhost,"0,2208480565","226,1484099"
1024,ethernet_localhost,"0,02237186514","22,90878991"
1024,ethernet_localhost,"0,03380434048","34,61564465"
1024,ethernet_localhost,"0,06774608766","69,37199377"
1024,ethernet_localhost,"0,07092198582","72,62411348"
1024,ethernet_localhost,"0,05429765977","55,60080361"
1024,ethernet_localhost,"0,03710437461","37,9948796"
1024,ethernet_localhost,"0,1005025126","102,9145729"
1024,ethernet_localhost,"0,02347748509","24,04094473"
1024,ethernet_localhost,"0,01488937197","15,24671689"
1024,ethernet_localhost,"0,1876172608","192,120075"
1024,ethernet_localhost,"0,08327088017","85,2693813"
1024,ethernet_localhost,"0,02587522964","26,49623515"
1024,ethernet_localhost,"0,04618510992","47,29355256"
1024,ethernet_localhost,"0,05733287467","58,70886366"
1024,ethernet_localhost,"1,461988304","1497,076023"
1024,ethernet_localhost,"0,0229147571","23,46471127"
1024,ethernet_localhost,"0,02394292008","24,51755016"
1024,ethernet_localhost,"0,2554931017","261,6249361"
1024,ethernet_localhost,"0,01437959248","14,7247027"
1024,ethernet_localhost,"0,04545661166","46,54757034"
1024,ethernet_localhost,"0,0960338039","98,33861519"
1024,ethernet_localhost,"0,03094825452","31,69101263"
1024,ethernet_localhost,"0,0108754758","11,13648722"
1024,ethernet_localhost,"0,07909515147","80,9934351"
1024,ethernet_localhost,"0,03809233582","39,00655188"
1024,ethernet_localhost,"0,03354241438","34,34743233"
1024,ethernet_localhost,"0,03922183872","40,16316285"
1024,ethernet_localhost,"0,1394505648","142,7973783"
1024,ethernet_localhost,"0,07285974499","74,60837887"
1024,ethernet_localhost,"0,1084245907","111,0267809"
1024,ethernet_localhost,"0,07571168988","77,52877044"
1024,ethernet_localhost,"0,03114488601","31,89236327"
1024,ethernet_localhost,"0,09097525473","93,15866084"
1024,ethernet_localhost,"0,01915195158","19,61159842"
1024,ethernet_localhost,"0,8203445447","840,0328138"
1024,ethernet_chrysalis,"0,05038037181","51,58950073"
1024,ethernet_chrysalis,"0,2287282708","234,2177493"
1024,ethernet_chrysalis,"0,06369021081","65,21877587"
1024,ethernet_chrysalis,"0,1339584729","137,1734762"
1024,ethernet_chrysalis,"0,3996802558","409,2725819"
1024,ethernet_chrysalis,"0,1121704992","114,8625911"
1024,ethernet_chrysalis,"0,1078981442","110,4876996"
1024,ethernet_chrysalis,"0,0539607166","55,2557738"
1024,ethernet_chrysalis,"0,02925259617","29,95465848"
1024,ethernet_chrysalis,"0,2276867031","233,151184"
1024,ethernet_chrysalis,"0,07400281211","75,7788796"
1024,ethernet_chrysalis,"0,1926040062","197,2265023"
1024,ethernet_chrysalis,"0,03385584183","34,66838203"
1024,ethernet_chrysalis,"0,07605141075","77,87664461"
1024,ethernet_chrysalis,"0,04137360364","42,36657013"
1024,ethernet_chrysalis,"0,08301510875","85,00747136"
1024,ethernet_chrysalis,"0,0734861846","75,24985303"
1024,ethernet_chrysalis,"0,01663201663","17,03118503"
1024,ethernet_chrysalis,"1,612903226","1651,612903"
1024,ethernet_chrysalis,"0,02776775053","28,43417655"
1024,ethernet_chrysalis,"0,1650437366","169,0047863"
1024,ethernet_chrysalis,"0,03745458631","38,35349639"
1024,ethernet_chrysalis,"0,4484304933","459,1928251"
1024,ethernet_chrysalis,"0,1173984503","120,2160131"
1024,ethernet_chrysalis,"0,02774463835","28,41050967"
1024,ethernet_chrysalis,"0,05140595281","52,63969568"
1024,ethernet_chrysalis,"0,1103387399","112,9868697"
1024,ethernet_chrysalis,"0,1185958254","121,4421252"
1024,ethernet_chrysalis,"0,156838143","160,6022585"
1024,ethernet_chrysalis,"0,04680114195","47,92436935"
1024,ethernet_chrysalis,"0,07740537193","79,26310086"
1024,ethernet_chrysalis,"0,07785736531","79,72594207"
1024,ethernet_chrysalis,"0,06609822196","67,68457928"
1024,ethernet_chrysalis,"0,07109847138","72,8048347"
1024,ethernet_chrysalis,"0,07727378101","79,12835175"
1024,ethernet_chrysalis,"0,03385354954","34,66603473"
1024,ethernet_chrysalis,"0,03172186271","32,48318741"
1024,ethernet_chrysalis,"0,03363605785","34,44332324"
1024,ethernet_chrysalis,"0,01271116422","13,01623216"
1024,ethernet_chrysalis,"0,1598465473","163,6828645"
1024,ethernet_chrysalis,"0,03817959682","39,09590715"
1024,ethernet_chrysalis,"0,03870418392","39,63308434"
1024,ethernet_chrysalis,"0,04513042693","46,21355718"
1024,ethernet_chrysalis,"0,05299697917","54,26890667"
1024,ethernet_chrysalis,"0,01427246129","14,61500036"
1024,ethernet_chrysalis,"1,305483029","1336,814621"
1024,ethernet_chrysalis,"0,02469867615","25,29144438"
1024,ethernet_chrysalis,"0,04949514948","50,68303306"
1024,ethernet_chrysalis,"0,1655355074","169,5083595"
1024,ethernet_chrysalis,"0,03738737055","38,28466744"
1024,ethernet_chrysalis,"1,136363636","1163,636364"
1024,ethernet_chrysalis,"0,03325131343","34,04934495"
1024,ethernet_chrysalis,"0,02928000468","29,9827248"
1024,ethernet_chrysalis,"0,023079231","23,63313254"
1024,ethernet_chrysalis,"0,0603646022","61,81335265"
1024,ethernet_chrysalis,"0,05037022113","51,57910643"
1024,ethernet_chrysalis,"0,04698806503","48,11577859"
1024,ethernet_chrysalis,"0,03783579266","38,74385168"
1024,ethernet_chrysalis,"0,0639549757","65,48989511"
1024,ethernet_chrysalis,"0,2923976608","299,4152047"
1024,ethernet_chrysalis,"0,4621072089","473,1977819"
1024,ethernet_chrysalis,"0,3354579","343,5088896"
1024,ethernet_chrysalis,"0,03439262622","35,21804925"
1024,ethernet_chrysalis,"1,137656428","1164,960182"
1024,ethernet_chrysalis,"0,09175153684","93,95357372"
1024,ethernet_chrysalis,"0,07483349547","76,62949936"
1024,ethernet_chrysalis,"0,09886307464","101,2357884"
1024,ethernet_chrysalis,"0,02508025682","25,68218299"
1024,ethernet_chrysalis,"0,01684863189","17,25299906"
1024,ethernet_chrysalis,"0,1035411058","106,0260924"
1024,ethernet_chrysalis,"0,4319654428","442,3326134"
1024,ethernet_chrysalis,"1,035196687","1060,041408"
1024,ethernet_chrysalis,"0,03363153293","34,43868972"
1024,ethernet_chrysalis,"0,01629221721","16,68323042"
1024,ethernet_chrysalis,"0,05979430758","61,22937096"
1024,ethernet_chrysalis,"0,06148170919","62,95727021"
1024,ethernet_chrysalis,"0,04048582996","41,45748988"
1024,ethernet_chrysalis,"0,03799392097","38,90577508"
1024,ethernet_chrysalis,"0,05469561888","56,00831373"
1024,ethernet_chrysalis,"0,02873810961","29,42782424"
1024,ethernet_chrysalis,"0,01794848784","18,37925155"
1024,ethernet_chrysalis,"0,01768284057","18,10722875"
1024,ethernet_chrysalis,"0,04136846895","42,36131221"
1024,ethernet_chrysalis,"0,06975933031","71,43355424"
1024,ethernet_chrysalis,"0,06655574043","68,1530782"
1024,ethernet_chrysalis,"0,03707686033","37,96670498"
1024,ethernet_chrysalis,"0,6418485237","657,2528883"
1024,ethernet_chrysalis,"0,0828843763","84,87360133"
1024,ethernet_chrysalis,"0,05135843049","52,59103282"
1024,ethernet_chrysalis,"0,0216938563","22,21450885"
1024,ethernet_chrysalis,"0,05820044232","59,59725294"
1024,ethernet_chrysalis,"0,1026061974","105,0687462"
1024,ethernet_chrysalis,"0,05428292259","55,58571273"
1024,ethernet_chrysalis,"0,226193169","231,621805"
1024,ethernet_chrysalis,"0,02646903123","27,10428798"
1024,ethernet_chrysalis,"0,4476275739","458,3706356"
1024,ethernet_chrysalis,"0,1239618198","126,9369034"
1024,ethernet_chrysalis,"0,05820044232","59,59725294"
1024,ethernet_chrysalis,"0,1026061974","105,0687462"
1024,ethernet_chrysalis,"0,226193169","231,621805"
8192,wifi_localhost,"0,02010373527","164,6897994"
8192,wifi_localhost,"0,03805754301","311,7673923"
8192,wifi_localhost,"0,03442222299","281,9868507"
8192,wifi_localhost,"0,04052520668","331,9824931"
8192,wifi_localhost,"0,008920686179","73,07826118"
8192,wifi_localhost,"0,01555185767","127,400818"
8192,wifi_localhost,"0,01482623651","121,4565295"
8192,wifi_localhost,"0,006197514797","50,77004121"
8192,wifi_localhost,"0,04253509145","348,4474692"
8192,wifi_localhost,"0,02767859614","226,7430596"
8192,wifi_localhost,"0,006787852459","55,60608735"
8192,wifi_localhost,"0,009135590433","74,83875683"
8192,wifi_localhost,"0,007669182158","62,82594024"
8192,wifi_localhost,"0,1212121212","992,969697"
8192,wifi_localhost,"0,05665401394","464,1096822"
8192,wifi_localhost,"0,008938387694","73,22327199"
8192,wifi_localhost,"0,005040830729","41,29448533"
8192,wifi_localhost,"0,009486315989","77,71190058"
8192,wifi_localhost,"0,02912140715","238,5625673"
8192,wifi_localhost,"0,007421866303","60,79992875"
8192,wifi_localhost,"0,07187005893","588,7595228"
8192,wifi_localhost,"0,006808047112","55,77152194"
8192,wifi_localhost,"0,144092219","1180,403458"
8192,wifi_localhost,"0,009812002041","80,37992072"
8192,wifi_localhost,"0,01293661061","105,9767141"
8192,wifi_localhost,"0,009948269001","81,49621966"
8192,wifi_localhost,"0,01363865741","111,7278815"
8192,wifi_localhost,"0,0178176894","145,9625116"
8192,wifi_localhost,"0,02466638711","202,0670432"
8192,wifi_localhost,"0,01422576286","116,5374493"
8192,wifi_localhost,"0,02149197275","176,0622408"
8192,wifi_localhost,"0,02770773877","226,981796"
8192,wifi_localhost,"0,122819946","1006,140997"
8192,wifi_localhost,"0,01791215877","146,7364047"
8192,wifi_localhost,"0,5988023952","4905,389222"
8192,wifi_localhost,"0,0188483649","154,4058053"
8192,wifi_localhost,"0,01304257095","106,8447412"
8192,wifi_localhost,"0,01190788064","97,54935817"
8192,wifi_localhost,"0,04594532506","376,3841029"
8192,wifi_localhost,"0,01811988113","148,4380662"
8192,wifi_localhost,"0,01537751807","125,972628"
8192,wifi_localhost,"0,02229505273","182,6410719"
8192,wifi_localhost,"0,009887969308","81,00224457"
8192,wifi_localhost,"0,03946485655","323,2961048"
8192,wifi_localhost,"0,01359212744","111,346708"
8192,wifi_localhost,"0,005944455012","48,69697546"
8192,wifi_localhost,"0,0142969476","117,1205948"
8192,wifi_localhost,"0,008326949339","68,21436898"
8192,wifi_localhost,"0,02835511952","232,2851391"
8192,wifi_localhost,"0,01444523091","118,3353316"
8192,wifi_localhost,"0,01263855011","103,5350025"
8192,wifi_localhost,"2,590673575","21222,79793"
8192,wifi_localhost,"0,01366493577","111,9431539"
8192,wifi_localhost,"1,572327044","12880,50314"
8192,wifi_localhost,"0,01547101505","126,7385553"
8192,wifi_localhost,"0,01862370798","152,5654158"
8192,wifi_localhost,"0,04817883985","394,6810561"
8192,wifi_localhost,"0,03053341883","250,129767"
8192,wifi_localhost,"0,02557086967","209,4765643"
8192,wifi_localhost,"0,01678105754","137,4704234"
8192,wifi_localhost,"0,004688650184","38,40942231"
8192,wifi_localhost,"0,01351278309","110,6967191"
8192,wifi_localhost,"0,009666131807","79,18495177"
8192,wifi_localhost,"0,1204383958","986,6313381"
8192,wifi_localhost,"0,03062505742","250,8804704"
8192,wifi_localhost,"0,005796496597","47,48490013"
8192,wifi_localhost,"0,01025462227","84,00586564"
8192,wifi_localhost,"0,04237288136","347,1186441"
8192,wifi_localhost,"0,009740228116","79,79194873"
8192,wifi_localhost,"0,06529119875","534,8655001"
8192,wifi_localhost,"0,01008115328","82,5848077"
8192,wifi_localhost,"0,02058036633","168,594361"
8192,wifi_localhost,"0,1949697797","1597,192435"
8192,wifi_localhost,"0,02082552376","170,6026907"
8192,wifi_localhost,"0,009387291485","76,90069184"
8192,wifi_localhost,"0,06288912647","515,187724"
8192,wifi_localhost,"0,0177160472","145,1298586"
8192,wifi_localhost,"0,01433116455","117,4009"
8192,wifi_localhost,"0,003601565961","29,50402835"
8192,wifi_localhost,"0,07245326764","593,5371685"
8192,wifi_localhost,"0,04530832314","371,1657832"
8192,wifi_localhost,"0,006610259122","54,15124273"
8192,wifi_localhost,"0,009968201437","81,65950618"
8192,wifi_localhost,"0,008087931997","66,25633892"
8192,wifi_localhost,"0,1521606817","1246,500304"
8192,wifi_localhost,"0,01174480879","96,21347364"
8192,wifi_localhost,"0,02807726864","230,0089847"
8192,wifi_localhost,"0,007087071764","58,05729189"
8192,wifi_localhost,"0,01033143235","84,63509381"
8192,wifi_localhost,"0,1802126509","1476,302036"
8192,wifi_localhost,"0,03473307631","284,5333611"
8192,wifi_localhost,"0,002713144643","22,22608092"
8192,wifi_localhost,"0,09671179884","792,2630561"
8192,wifi_localhost,"0,006159721581","50,46043919"
8192,wifi_localhost,"0,009602273818","78,66182712"
8192,wifi_localhost,"0,02329590458","190,8400503"
8192,wifi_localhost,"0,01110839573","90,99997778"
8192,wifi_localhost,"0,02010979951","164,7394775"
8192,wifi_localhost,"0,03527212444","288,9492434"
8192,wifi_localhost,"0,05225752508","428,0936455"
8192,wifi_chrysalis,"0,08178621084","669,9926392"
8192,wifi_chrysalis,"0,07466587023","611,6628089"
8192,wifi_chrysalis,"0,007515237143","61,56482268"
8192,wifi_chrysalis,"0,09646922632","790,275902"
8192,wifi_chrysalis,"0,02981159075","244,2165514"
8192,wifi_chrysalis,"0,05318300271","435,6751582"
8192,wifi_chrysalis,"0,01218620522","99,82939313"
8192,wifi_chrysalis,"0,0445950767","365,3228684"
8192,wifi_chrysalis,"0,006778558065","55,52994767"
8192,wifi_chrysalis,"0,008743398734","71,62592243"
8192,wifi_chrysalis,"0,04749916876","389,1131905"
8192,wifi_chrysalis,"0,005464600319","44,76600581"
8192,wifi_chrysalis,"0,1148765078","941,0683515"
8192,wifi_chrysalis,"0,07680491551","629,1858679"
8192,wifi_chrysalis,"0,09271277582","759,5030595"
8192,wifi_chrysalis,"0,009892566725","81,03990661"
8192,wifi_chrysalis,"0,05397527932","442,1654882"
8192,wifi_chrysalis,"0,0846310088","693,2972241"
8192,wifi_chrysalis,"0,01238942439","101,4941646"
8192,wifi_chrysalis,"0,09667440062","791,9566899"
8192,wifi_chrysalis,"0,05932253663","485,9702201"
8192,wifi_chrysalis,"0,01334668001","109,3360027"
8192,wifi_chrysalis,"0,009367681499","76,74004684"
8192,wifi_chrysalis,"0,1636125654","1340,314136"
8192,wifi_chrysalis,"0,01009784815","82,72157203"
8192,wifi_chrysalis,"0,01026009337","84,05068486"
8192,wifi_chrysalis,"0,01025893553","84,04119989"
8192,wifi_chrysalis,"0,02520605954","206,4880397"
8192,wifi_chrysalis,"0,1924187031","1576,294016"
8192,wifi_chrysalis,"0,004593097493","37,62665466"
8192,wifi_chrysalis,"0,008681083052","71,11543236"
8192,wifi_chrysalis,"0,008111550036","66,4498179"
8192,wifi_chrysalis,"0,02693167434","220,6242762"
8192,wifi_chrysalis,"0,05211590577","426,9335001"
8192,wifi_chrysalis,"0,01888752479","154,7266031"
8192,wifi_chrysalis,"0,037944904","310,8446536"
8192,wifi_chrysalis,"0,0100623868","82,43107265"
8192,wifi_chrysalis,"0,004980104483","40,79701592"
8192,wifi_chrysalis,"0,01105839941","90,59040794"
8192,wifi_chrysalis,"0,04447805008","364,3641863"
8192,wifi_chrysalis,"0,00711136396","58,25629356"
8192,wifi_chrysalis,"0,01042785489","85,42498723"
8192,wifi_chrysalis,"0,02285662042","187,2414345"
8192,wifi_chrysalis,"0,006810040724","55,78785361"
8192,wifi_chrysalis,"0,03103565997","254,2441265"
8192,wifi_chrysalis,"0,008180226756","67,01241758"
8192,wifi_chrysalis,"0,006409188212","52,50406983"
8192,wifi_chrysalis,"0,00446719737","36,59528085"
8192,wifi_chrysalis,"0,02289429703","187,5500813"
8192,wifi_chrysalis,"0,04661135453","381,8402163"
8192,wifi_chrysalis,"0,01054362954","86,37341318"
8192,wifi_chrysalis,"0,007239137674","59,30301582"
8192,wifi_chrysalis,"0,003876434765","31,7557536"
8192,wifi_chrysalis,"0,0173900946","142,459655"
8192,wifi_chrysalis,"0,007406639311","60,67518924"
8192,wifi_chrysalis,"0,01743375174","142,8172943"
8192,wifi_chrysalis,"0,04009783873","328,4814948"
8192,wifi_chrysalis,"0,003873011693","31,72771179"
8192,wifi_chrysalis,"0,0173900946","142,459655"
8192,wifi_chrysalis,"0,007406639311","60,67518924"
8192,wifi_chrysalis,"0,01743375174","142,8172943"
8192,wifi_chrysalis,"0,04009783873","328,4814948"
8192,wifi_chrysalis,"0,003873011693","31,72771179"
8192,wifi_chrysalis,"0,004183242766","34,26912474"
8192,wifi_chrysalis,"0,07047713017","577,3486504"
8192,wifi_chrysalis,"0,007926631103","64,93496199"
8192,wifi_chrysalis,"0,009738805243","79,78029255"
8192,wifi_chrysalis,"0,009631869931","78,90427848"
8192,wifi_chrysalis,"0,006107653501","50,03389748"
8192,wifi_chrysalis,"0,02119407414","173,6218553"
8192,wifi_chrysalis,"0,03803872342","311,6132223"
8192,wifi_chrysalis,"0,007209337534","59,05889308"
8192,wifi_chrysalis,"0,006965680094","57,06285133"
8192,wifi_chrysalis,"0,01561499664","127,9180525"
8192,wifi_chrysalis,"0,06383657836","522,9492499"
8192,wifi_chrysalis,"0,05528832863","452,9219882"
8192,wifi_chrysalis,"0,02379989052","194,9687031"
8192,wifi_chrysalis,"0,05632216277","461,3911574"
8192,wifi_chrysalis,"0,002832989597","23,20785078"
8192,wifi_chrysalis,"0,03502504291","286,9251515"
8192,wifi_chrysalis,"0,01003159954","82,17886342"
8192,wifi_chrysalis,"0,02215673676","181,5079875"
8192,wifi_chrysalis,"0,03522242964","288,5421436"
8192,wifi_chrysalis,"0,05776673791","473,225117"
8192,wifi_chrysalis,"0,4566210046","3740,639269"
8192,wifi_chrysalis,"0,01154721077","94,59475064"
8192,wifi_chrysalis,"0,01330707404","109,0115505"
8192,wifi_chrysalis,"0,03226326827","264,3006937"
8192,wifi_chrysalis,"0,01344989913","110,1815736"
8192,wifi_chrysalis,"0,01106304831","90,62849177"
8192,wifi_chrysalis,"0,01385905343","113,5333657"
8192,wifi_chrysalis,"0,1481262035","1213,449859"
8192,wifi_chrysalis,"0,06332320162","518,7436677"
8192,wifi_chrysalis,"0,00641733193","52,57078317"
8192,wifi_chrysalis,"0,007257631399","59,45451642"
8192,wifi_chrysalis,"0,02232292341","182,8693886"
8192,wifi_chrysalis,"0,03699866805","303,0930886"
8192,wifi_chrysalis,"3,623188406","29681,15942"
8192,wifi_chrysalis,"0,01994495193","163,3890462"
8192,wifi_chrysalis,"0,01017231909","83,33163795"
8192,ethernet_localhost,"0,02819681376","230,9882983"
8192,ethernet_localhost,"0,03028009084","248,0545042"
8192,ethernet_localhost,"0,1287166946","1054,447162"
8192,ethernet_localhost,"0,01059557741","86,79897011"
8192,ethernet_localhost,"0,009968300803","81,66032018"
8192,ethernet_localhost,"0,004598166251","37,66817793"
8192,ethernet_localhost,"0,01674677206","137,1895567"
8192,ethernet_localhost,"0,01240971929","101,6604204"
8192,ethernet_localhost,"0,09496676163","777,9677113"
8192,ethernet_localhost,"0,1289656951","1056,486974"
8192,ethernet_localhost,"0,02063004147","169,0012997"
8192,ethernet_localhost,"0,05874405216","481,2312753"
8192,ethernet_localhost,"0,01198738927","98,20069287"
8192,ethernet_localhost,"0,04778059152","391,4186058"
8192,ethernet_localhost,"0,02835592355","232,2917257"
8192,ethernet_localhost,"0,104416832","855,3826877"
8192,ethernet_localhost,"0,008711029034","71,36074985"
8192,ethernet_localhost,"0,1608492842","1317,677336"
8192,ethernet_localhost,"0,2995805872","2454,16417"
8192,ethernet_localhost,"0,06363752068","521,3185694"
8192,ethernet_localhost,"0,008554685829","70,07998631"
8192,ethernet_localhost,"0,006084242421","49,84211391"
8192,ethernet_localhost,"0,02019223003","165,4147484"
8192,ethernet_localhost,"0,02706067002","221,6810088"
8192,ethernet_localhost,"0,1247193814","1021,701172"
8192,ethernet_localhost,"0,01149636715","94,17823968"
8192,ethernet_localhost,"0,04657661854","381,5556591"
8192,ethernet_localhost,"0,3142677561","2574,481458"
8192,ethernet_localhost,"0,02110817942","172,9182058"
8192,ethernet_localhost,"0,02327259187","190,6490726"
8192,ethernet_localhost,"0,3444712367","2821,908371"
8192,ethernet_localhost,"0,005972930678","48,93024812"
8192,ethernet_localhost,"0,01142831021","93,62071724"
8192,ethernet_localhost,"0,01426777765","116,8816345"
8192,ethernet_localhost,"0,1228350326","1006,264587"
8192,ethernet_localhost,"0,006395211266","52,38957069"
8192,ethernet_localhost,"0,003609430721","29,56845646"
8192,ethernet_localhost,"0,01133311423","92,84087174"
8192,ethernet_localhost,"0,01487055185","121,8195607"
8192,ethernet_localhost,"0,0710732054","582,2316986"
8192,ethernet_localhost,"0,1007049345","824,9748238"
8192,ethernet_localhost,"0,007450287954","61,03275892"
8192,ethernet_localhost,"0,3371544167","2761,968982"
8192,ethernet_localhost,"0,09642271719","789,8948992"
8192,ethernet_localhost,"0,05101520253","417,9165391"
8192,ethernet_localhost,"0,05491186645","449,83801"
8192,ethernet_localhost,"0,01082016879","88,63882277"
8192,ethernet_localhost,"0,01278903213","104,7677512"
8192,ethernet_localhost,"0,008359875939","68,4841037"
8192,ethernet_localhost,"0,1990842126","1630,89787"
8192,ethernet_localhost,"0,008365680632","68,53165574"
8192,ethernet_localhost,"0,3085467448","2527,614934"
8192,ethernet_localhost,"0,02115461911","173,2986398"
8192,ethernet_localhost,"0,02102784086","172,2600723"
8192,ethernet_localhost,"0,007814697884","64,01800506"
8192,ethernet_localhost,"0,009132670301","74,81483511"
8192,ethernet_localhost,"0,01139964889","93,38592371"
8192,ethernet_localhost,"0,009996801024","81,89379399"
8192,ethernet_localhost,"0,02390857361","195,859035"
8192,ethernet_localhost,"0,0309358082","253,4261408"
8192,ethernet_localhost,"0,02111709429","172,9912364"
8192,ethernet_localhost,"0,01010836164","82,80769853"
8192,ethernet_localhost,"0,02044070152","167,4502269"
8192,ethernet_localhost,"0,01268262987","103,8961039"
8192,ethernet_localhost,"0,008862341253","72,60029955"
8192,ethernet_localhost,"0,02638800929","216,1705721"
8192,ethernet_localhost,"0,003412189022","27,95265247"
8192,ethernet_localhost,"0,07374631268","604,1297935"
8192,ethernet_localhost,"0,07227000072","592,0358459"
8192,ethernet_localhost,"0,1111605158","910,6269453"
8192,ethernet_localhost,"0,2721088435","2229,115646"
8192,ethernet_localhost,"0,01010335735","82,76670338"
8192,ethernet_localhost,"0,1196744854","980,3733844"
8192,ethernet_localhost,"0,02392458969","195,9902388"
8192,ethernet_localhost,"0,03116429818","255,2979307"
8192,ethernet_localhost,"0,02843332386","232,925789"
8192,ethernet_localhost,"0,06371455878","521,9496655"
8192,ethernet_localhost,"0,03772161449","309,0154659"
8192,ethernet_localhost,"0,005470429593","44,81375922"
8192,ethernet_localhost,"0,00422557827","34,61593719"
8192,ethernet_localhost,"0,006731196403","55,14196093"
8192,ethernet_localhost,"0,01954995992","160,1532717"
8192,ethernet_localhost,"0,01704216231","139,6093936"
8192,ethernet_localhost,"0,02175473709","178,2148063"
8192,ethernet_localhost,"0,00551383421","45,16932985"
8192,ethernet_localhost,"0,06168650916","505,335883"
8192,ethernet_localhost,"0,05421229535","444,1071235"
8192,ethernet_localhost,"0,07765180929","636,1236217"
8192,ethernet_localhost,"0,3145643284","2576,910978"
8192,ethernet_localhost,"0,01295320009","106,1126151"
8192,ethernet_localhost,"0,01137177752","93,15760146"
8192,ethernet_localhost,"0,4962779156","4065,508685"
8192,ethernet_localhost,"0,02094021568","171,5422469"
8192,ethernet_localhost,"0,008956079387","73,36820234"
8192,ethernet_localhost,"0,2781641168","2278,720445"
8192,ethernet_localhost,"0,009694619486","79,41832283"
8192,ethernet_localhost,"0,05454942178","446,8688632"
8192,ethernet_localhost,"0,00572026748","46,86043119"
8192,ethernet_localhost,"0,01531956615","125,4978859"
8192,ethernet_localhost,"0,01658099818","135,8315371"
8192,ethernet_chrysalis,"0,01907486886","156,2613257"
8192,ethernet_chrysalis,"0,01118555721","91,63208465"
8192,ethernet_chrysalis,"0,04056630563","332,3191757"
8192,ethernet_chrysalis,"0,00803083842","65,78862833"
8192,ethernet_chrysalis,"0,1874414246","1535,52015"
8192,ethernet_chrysalis,"0,09483167378","776,8610716"
8192,ethernet_chrysalis,"0,02797515806","229,1724948"
8192,ethernet_chrysalis,"0,0258137794","211,4664808"
8192,ethernet_chrysalis,"0,0200855645","164,5409444"
8192,ethernet_chrysalis,"0,002251826231","18,44696048"
8192,ethernet_chrysalis,"0,0130886626","107,222324"
8192,ethernet_chrysalis,"0,08759635599","717,5893483"
8192,ethernet_chrysalis,"0,005846961626","47,89830964"
8192,ethernet_chrysalis,"0,007175711651","58,78342985"
8192,ethernet_chrysalis,"0,01789356905","146,5841177"
8192,ethernet_chrysalis,"0,01430103683","117,1540937"
8192,ethernet_chrysalis,"0,01063343364","87,1090884"
8192,ethernet_chrysalis,"0,003534155849","28,95180472"
8192,ethernet_chrysalis,"0,01460067163","119,608702"
8192,ethernet_chrysalis,"0,08722958828","714,5847872"
8192,ethernet_chrysalis,"0,00672666855","55,10486876"
8192,ethernet_chrysalis,"0,006362739796","52,12356441"
8192,ethernet_chrysalis,"0,009034974386","74,01451017"
8192,ethernet_chrysalis,"0,02237036374","183,2580198"
8192,ethernet_chrysalis,"0,03026817604","247,9568981"
8192,ethernet_chrysalis,"0,05581603036","457,2449207"
8192,ethernet_chrysalis,"0,424808836","3480,033985"
8192,ethernet_chrysalis,"0,07007708479","574,0714786"
8192,ethernet_chrysalis,"0,01359878155","111,4012185"
8192,ethernet_chrysalis,"0,007692248521","63,01489989"
8192,ethernet_chrysalis,"0,07883948281","645,8530432"
8192,ethernet_chrysalis,"0,01816761441","148,8290973"
8192,ethernet_chrysalis,"0,08107012566","664,1264694"
8192,ethernet_chrysalis,"0,005098581065","41,76757608"
8192,ethernet_chrysalis,"0,006980851524","57,18713569"
8192,ethernet_chrysalis,"0,2947244327","2414,382552"
8192,ethernet_chrysalis,"0,01402445866","114,8883653"
8192,ethernet_chrysalis,"0,009669309611","79,21098434"
8192,ethernet_chrysalis,"0,005685339216","46,57429886"
8192,ethernet_chrysalis,"0,03059507419","250,6348478"
8192,ethernet_chrysalis,"0,02996254682","245,4531835"
8192,ethernet_chrysalis,"1,45137881","11889,69521"
8192,ethernet_chrysalis,"0,01055698661","86,48283434"
8192,ethernet_chrysalis,"0,004633920297","37,96107507"
8192,ethernet_chrysalis,"0,01005783254","82,39376414"
8192,ethernet_chrysalis,"0,009289622563","76,10058803"
8192,ethernet_chrysalis,"0,01059883413","86,82564918"
8192,ethernet_chrysalis,"0,01129637161","92,53987619"
8192,ethernet_chrysalis,"0,01295538167","106,1304866"
8192,ethernet_chrysalis,"0,1259445844","1031,738035"
8192,ethernet_chrysalis,"0,1388310426","1137,303901"
8192,ethernet_chrysalis,"0,01411731489","115,6490436"
8192,ethernet_chrysalis,"0,01825183887","149,519064"
8192,ethernet_chrysalis,"0,01456706678","119,333411"
8192,ethernet_chrysalis,"0,03579994988","293,2731894"
8192,ethernet_chrysalis,"0,007497488341","61,41942449"
8192,ethernet_chrysalis,"0,003449596225","28,25909227"
8192,ethernet_chrysalis,"0,01867762421","153,0070975"
8192,ethernet_chrysalis,"0,006808139812","55,77228134"
8192,ethernet_chrysalis,"0,02684059371","219,8781437"
8192,ethernet_chrysalis,"0,2061430633","1688,723974"
8192,ethernet_chrysalis,"0,01207714883","98,93600319"
8192,ethernet_chrysalis,"0,01883948757","154,3330821"
8192,ethernet_chrysalis,"0,0380937869","312,0643023"
8192,ethernet_chrysalis,"0,003823068395","31,31857629"
8192,ethernet_chrysalis,"0,004474693372","36,6566881"
8192,ethernet_chrysalis,"0,02847218268","233,2441205"
8192,ethernet_chrysalis,"3,496503497","28643,35664"
8192,ethernet_chrysalis,"0,03291205898","269,6155872"
8192,ethernet_chrysalis,"0,01552096106","127,147713"
8192,ethernet_chrysalis,"0,117605551","963,4246736"
8192,ethernet_chrysalis,"0,01301405518","106,61114"
8192,ethernet_chrysalis,"0,123061777","1008,122077"
8192,ethernet_chrysalis,"0,01104472007","90,47834683"
8192,ethernet_chrysalis,"0,05980861244","489,9521531"
8192,ethernet_chrysalis,"0,09069472157","742,9711591"
8192,ethernet_chrysalis,"0,02514774299","206,0103106"
8192,ethernet_chrysalis,"0,01868774644","153,0900189"
8192,ethernet_chrysalis,"0,008357290901","68,46292706"
8192,ethernet_chrysalis,"0,08509189925","697,0728387"
8192,ethernet_chrysalis,"0,02780171815","227,7516751"
8192,ethernet_chrysalis,"0,009748774092","79,86195736"
8192,ethernet_chrysalis,"0,04833019187","395,9209318"
8192,ethernet_chrysalis,"0,01242776362","101,8082396"
8192,ethernet_chrysalis,"0,04162157663","340,9639557"
8192,ethernet_chrysalis,"0,008198670176","67,16350608"
8192,ethernet_chrysalis,"0,05045663252","413,3407336"
8192,ethernet_chrysalis,"0,02432794064","199,2944897"
8192,ethernet_chrysalis,"0,2002002002","1640,04004"
8192,ethernet_chrysalis,"0,03023705854","247,7019836"
8192,ethernet_chrysalis,"0,01131029803","92,65396143"
8192,ethernet_chrysalis,"0,008771237358","71,85397644"
8192,ethernet_chrysalis,"0,03472101663","284,4345682"
8192,ethernet_chrysalis,"0,01121390524","91,86431175"
8192,ethernet_chrysalis,"0,01120900307","91,82415316"
8192,ethernet_chrysalis,"0,02803554908","229,667218"
8192,ethernet_chrysalis,"0,01189966205","97,48203151"
8192,ethernet_chrysalis,"0,02178317032","178,4477313"
8192,ethernet_chrysalis,"0,03311696913","271,2942112"
8192,ethernet_chrysalis,"0,0301232039","246,7692864"
16384,wifi_localhost,"0,004001184351","65,5554044"
16384,wifi_localhost,"0,01085693813","177,8800743"
16384,wifi_localhost,"0,008877368038","145,4467979"
16384,wifi_localhost,"0,005500852632","90,12596953"
16384,wifi_localhost,"0,04535558781","743,1059507"
16384,wifi_localhost,"0,002316289305","37,95008397"
16384,wifi_localhost,"0,7855459544","12870,38492"
16384,wifi_localhost,"0,02545306455","417,0230096"
16384,wifi_localhost,"0,007853362024","128,6694834"
16384,wifi_localhost,"0,01126214904","184,5190499"
16384,wifi_localhost,"0,002522647064","41,3310495"
16384,wifi_localhost,"0,002258988515","37,01126783"
16384,wifi_localhost,"0,009817396426","160,8482231"
16384,wifi_localhost,"0,002548244642","41,75044021"
16384,wifi_localhost,"0,01235849523","202,4815858"
16384,wifi_localhost,"0,003690690602","60,46827482"
16384,wifi_localhost,"0,0451059991","739,0166892"
16384,wifi_localhost,"0,008297928837","135,9532661"
16384,wifi_localhost,"0,007402691619","121,2856995"
16384,wifi_localhost,"0,01104825879","181,0146721"
16384,wifi_localhost,"1,328021248","21758,30013"
16384,wifi_localhost,"0,007104089114","116,393396"
16384,wifi_localhost,"0,007725467777","126,5740641"
16384,wifi_localhost,"0,009998600196","163,8170656"
16384,wifi_localhost,"0,003588074675","58,78701548"
16384,wifi_localhost,"0,002138712623","35,04066762"
16384,wifi_localhost,"0,005034106069","82,47879383"
16384,wifi_localhost,"0,09806805923","1606,747082"
16384,wifi_localhost,"0,006759085901","110,7408634"
16384,wifi_localhost,"0,003262632096","53,45496426"
16384,wifi_localhost,"0,003929303963","64,37771613"
16384,wifi_localhost,"0,00523469767","85,76528663"
16384,wifi_localhost,"0,01584384308","259,5855251"
16384,wifi_localhost,"0,002543403175","41,67111762"
16384,wifi_localhost,"0,01242977179","203,649381"
16384,wifi_localhost,"0,01104752646","181,0026735"
16384,wifi_localhost,"0,03564299971","583,9749073"
16384,wifi_localhost,"0,003494279864","57,25028129"
16384,wifi_localhost,"0,00173063677","28,35475285"
16384,wifi_localhost,"0,00242360788","39,7083915"
16384,wifi_localhost,"0,1850481125","3031,828275"
16384,wifi_localhost,"0,002347092774","38,454768"
16384,wifi_localhost,"0,01265646556","207,3635317"
16384,wifi_localhost,"0,007578398533","124,1644816"
16384,wifi_localhost,"0,2973535534","4871,840618"
16384,wifi_localhost,"0,002157948913","35,35583499"
16384,wifi_localhost,"0,005734010711","93,94603149"
16384,wifi_localhost,"0,0009618667911","15,7592255"
16384,wifi_localhost,"0,01882423809","308,4163168"
16384,wifi_localhost,"0,008652390223","141,7607614"
16384,wifi_localhost,"0,005356559375","87,7618688"
16384,wifi_localhost,"0,002640431341","43,26082709"
16384,wifi_localhost,"0,1600768369","2622,698895"
16384,wifi_localhost,"1,10864745","18164,07982"
16384,wifi_localhost,"0,005322659627","87,20645532"
16384,wifi_localhost,"0,1450747135","2376,904106"
16384,wifi_localhost,"0,00348959751","57,1735656"
16384,wifi_localhost,"0,0007316064981","11,98664087"
16384,wifi_localhost,"0,122159785","2001,465917"
16384,wifi_localhost,"0,01978395917","324,140387"
16384,wifi_localhost,"0,007297831814","119,5676764"
16384,wifi_localhost,"0,01580977677","259,0273825"
16384,wifi_localhost,"0,001056920451","17,31658467"
16384,wifi_localhost,"0,003236057446","53,0195652"
16384,wifi_localhost,"0,01040095689","170,4092777"
16384,wifi_localhost,"0,004510844069","73,90566923"
16384,wifi_localhost,"0,007428923772","121,7154871"
16384,wifi_localhost,"0,02651043185","434,3469155"
16384,wifi_localhost,"0,006588136085","107,9400216"
16384,wifi_localhost,"0,0324780773","532,1208184"
16384,wifi_localhost,"0,003315946719","54,32847105"
16384,wifi_localhost,"0,002988643156","48,96592947"
16384,wifi_localhost,"0,00148659316","24,35634233"
16384,wifi_localhost,"0,009264921156","151,7964682"
16384,wifi_localhost,"0,002495694926","40,88946567"
16384,wifi_localhost,"0,02052123948","336,2199877"
16384,wifi_localhost,"0,005187852125","84,99776922"
16384,wifi_localhost,"0,08034709947","1316,406878"
16384,wifi_localhost,"0,00355678225","58,27432039"
16384,wifi_localhost,"0,005979359252","97,96582198"
16384,wifi_localhost,"0,02406449284","394,2726507"
16384,wifi_localhost,"0,009154574999","149,9885568"
16384,wifi_localhost,"0,004397962864","72,05622356"
16384,wifi_localhost,"0,00956937799","156,784689"
16384,wifi_localhost,"0,002816393664","46,14379379"
16384,wifi_localhost,"0,08888888889","1456,355556"
16384,wifi_localhost,"0,003134884683","51,36195065"
16384,wifi_localhost,"0,0243504517","398,9578007"
16384,wifi_localhost,"0,00391361861","64,12072731"
16384,wifi_localhost,"0,01985900109","325,3698739"
16384,wifi_localhost,"0,003731747092","61,14094436"
16384,wifi_localhost,"0,02005133141","328,5210138"
16384,wifi_localhost,"0,003023843002","49,54264375"
16384,wifi_localhost,"0,04020100503","658,6532663"
16384,wifi_localhost,"0,005143186307","84,26596445"
16384,wifi_localhost,"0,02618760802","429,0577699"
16384,wifi_localhost,"0,3636363636","5957,818182"
16384,wifi_localhost,"0,01956143268","320,494513"
16384,wifi_localhost,"0,002396995127","39,27236816"
16384,wifi_localhost,"0,002613736755","42,82346299"
16384,wifi_chrysalis,"0,02771541809","454,0894099"
16384,wifi_chrysalis,"0,004469353642","73,22589007"
16384,wifi_chrysalis,"0,009817107291","160,8434859"
16384,wifi_chrysalis,"0,002207583491","36,16904791"
16384,wifi_chrysalis,"0,04533297067","742,7353915"
16384,wifi_chrysalis,"0,009686074331","158,6966418"
16384,wifi_chrysalis,"0,001822091032","29,85313946"
16384,wifi_chrysalis,"0,005438151898","89,0986807"
16384,wifi_chrysalis,"0,1172058134","1920,300047"
16384,wifi_chrysalis,"0,003151671016","51,63697793"
16384,wifi_chrysalis,"0,005302929869","86,88320297"
16384,wifi_chrysalis,"0,01007729284","165,1063658"
16384,wifi_chrysalis,"0,002662598217","43,62400918"
16384,wifi_chrysalis,"0,03051850948","500,0152593"
16384,wifi_chrysalis,"0,008474145382","138,8403979"
16384,wifi_chrysalis,"0,01557899329","255,246226"
16384,wifi_chrysalis,"0,0172884755","283,2543826"
16384,wifi_chrysalis,"0,004744193108","77,72885988"
16384,wifi_chrysalis,"0,04573728503","749,359678"
16384,wifi_chrysalis,"0,008787500659","143,9744108"
16384,wifi_chrysalis,"0,001047757851","17,16646462"
16384,wifi_chrysalis,"0,08023750301","1314,611249"
16384,wifi_chrysalis,"0,02694328439","441,4387714"
16384,wifi_chrysalis,"0,004865848555","79,72206273"
16384,wifi_chrysalis,"0,002473264016","40,52195764"
16384,wifi_chrysalis,"0,01020689374","167,229747"
16384,wifi_chrysalis,"0,00214546695","35,15133051"
16384,wifi_chrysalis,"0,003460243532","56,69263003"
16384,wifi_chrysalis,"0,01239357022","203,0562544"
16384,wifi_chrysalis,"0,003285820371","53,83488095"
16384,wifi_chrysalis,"0,002560072092","41,94422115"
16384,wifi_chrysalis,"0,00143026118","23,43339917"
16384,wifi_chrysalis,"0,004793496184","78,53664148"
16384,wifi_chrysalis,"0,04069838427","666,8023279"
16384,wifi_chrysalis,"0,01710717646","280,2839791"
16384,wifi_chrysalis,"0,004472451932","73,27665246"
16384,wifi_chrysalis,"0,006819654244","111,7332151"
16384,wifi_chrysalis,"0,008194773374","134,263167"
16384,wifi_chrysalis,"0,00769882208","126,137501"
16384,wifi_chrysalis,"0,003097212199","50,74472467"
16384,wifi_chrysalis,"0,02459843062","403,0206873"
16384,wifi_chrysalis,"0,009790962941","160,4151368"
16384,wifi_chrysalis,"0,01215657671","199,1733528"
16384,wifi_chrysalis,"0,002718780246","44,54449556"
16384,wifi_chrysalis,"0,01240125501","203,182162"
16384,wifi_chrysalis,"0,02245626642","367,923469"
16384,wifi_chrysalis,"0,003430037525","56,1977348"
16384,wifi_chrysalis,"0,005905244448","96,75152503"
16384,wifi_chrysalis,"0,002032474884","33,30006849"
16384,wifi_chrysalis,"0,01337416913","219,122387"
16384,wifi_chrysalis,"0,00543171251","88,99317777"
16384,wifi_chrysalis,"0,003219201895","52,74340386"
16384,wifi_chrysalis,"0,004550625711","74,55745165"
16384,wifi_chrysalis,"0,003873491759","63,46328898"
16384,wifi_chrysalis,"0,8779631255","14384,54785"
16384,wifi_chrysalis,"0,1918649271","3143,514965"
16384,wifi_chrysalis,"0,3512469266","5754,829645"
16384,wifi_chrysalis,"0,007870793061","128,9550735"
16384,wifi_chrysalis,"0,001599869451","26,21226108"
16384,wifi_chrysalis,"0,01244926923","203,968827"
16384,wifi_chrysalis,"0,04364715639","715,1150103"
16384,wifi_chrysalis,"0,03985969388","653,0612245"
16384,wifi_chrysalis,"0,005675143439","92,98155011"
16384,wifi_chrysalis,"0,04185851821","685,8099623"
16384,wifi_chrysalis,"0,016717935","273,9066471"
16384,wifi_chrysalis,"0,006801471839","111,4353146"
16384,wifi_chrysalis,"0,002104518823","34,48043639"
16384,wifi_chrysalis,"0,01975816012","323,7176954"
16384,wifi_chrysalis,"0,004219231256","69,1278849"
16384,wifi_chrysalis,"0,002584580393","42,34576517"
16384,wifi_chrysalis,"0,01216234295","199,267827"
16384,wifi_chrysalis,"0,02677806341","438,7317909"
16384,wifi_chrysalis,"0,01034575514","169,5048522"
16384,wifi_chrysalis,"0,003606072626","59,08189391"
16384,wifi_chrysalis,"0,002536622487","41,56002283"
16384,wifi_chrysalis,"0,005595501217","91,67669194"
16384,wifi_chrysalis,"0,006379829531","104,527127"
16384,wifi_chrysalis,"0,003118704116","51,09684824"
16384,wifi_chrysalis,"0,04028359652","660,0064454"
16384,wifi_chrysalis,"0,004968894719","81,41037108"
16384,wifi_chrysalis,"0,01013993105","166,1326303"
16384,wifi_chrysalis,"0,00686031036","112,3993249"
16384,wifi_chrysalis,"0,005194994104","85,11478339"
16384,wifi_chrysalis,"0,002225629909","36,46472043"
16384,wifi_chrysalis,"0,03387189649","554,9571521"
16384,wifi_chrysalis,"0,002451767602","40,16976039"
16384,wifi_chrysalis,"0,006268413465","102,7016862"
16384,wifi_chrysalis,"0,004831384675","79,15740651"
16384,wifi_chrysalis,"0,008774854776","143,7672207"
16384,wifi_chrysalis,"0,006346264906","103,9772042"
16384,wifi_chrysalis,"0,007213810118","118,191065"
16384,wifi_chrysalis,"0,04389237589","719,1326867"
16384,wifi_chrysalis,"0,003073887022","50,36256497"
16384,wifi_chrysalis,"0,002082149111","34,11393104"
16384,wifi_chrysalis,"0,008247694769","135,1302311"
16384,wifi_chrysalis,"0,01740219964","285,1176389"
16384,wifi_chrysalis,"0,009143191522","149,8020499"
16384,wifi_chrysalis,"0,100010001","1638,563856"
16384,wifi_chrysalis,"0,01170275015","191,7378584"
16384,wifi_chrysalis,"0,249500998","4087,824351"
16384,ethernet_localhost,"0,08683570684","1422,716221"
16384,ethernet_localhost,"0,02978850164","488,0548108"
16384,ethernet_localhost,"0,002120436555","34,74123252"
16384,ethernet_localhost,"0,003106689946","50,90000808"
16384,ethernet_localhost,"0,007290011227","119,4395439"
16384,ethernet_localhost,"0,009048709202","148,2540516"
16384,ethernet_localhost,"0,008834234425","144,7400968"
16384,ethernet_localhost,"0,003545181566","58,08425479"
16384,ethernet_localhost,"0,00355728835","58,28261233"
16384,ethernet_localhost,"0,004633812933","75,92039109"
16384,ethernet_localhost,"0,001610980443","26,39430357"
16384,ethernet_localhost,"0,00821820991","134,6471512"
16384,ethernet_localhost,"0,02744613696","449,6775079"
16384,ethernet_localhost,"0,08949346698","1466,260963"
16384,ethernet_localhost,"0,1088257699","1783,001415"
16384,ethernet_localhost,"0,04181126395","685,0357486"
16384,ethernet_localhost,"0,006922331441","113,4154783"
16384,ethernet_localhost,"0,121980971","1998,536228"
16384,ethernet_localhost,"0,002120436555","34,74123252"
16384,ethernet_localhost,"0,007857249491","128,7331757"
16384,ethernet_localhost,"0,004497110606","73,68066018"
16384,ethernet_localhost,"0,001936963461","31,73520935"
16384,ethernet_localhost,"0,03524850194","577,5114558"
16384,ethernet_localhost,"0,003222916224","52,80425941"
16384,ethernet_localhost,"0,007098189252","116,2967327"
16384,ethernet_localhost,"0,01031459515","168,994327"
16384,ethernet_localhost,"0,006615375456","108,3863115"
16384,ethernet_localhost,"0,001971126933","32,29494367"
16384,ethernet_localhost,"0,008548908304","140,0653137"
16384,ethernet_localhost,"0,01708204506","279,8722263"
16384,ethernet_localhost,"0,02265108272","371,1153393"
16384,ethernet_localhost,"0,003154584084","51,68470563"
16384,ethernet_localhost,"0,002915732417","47,77135993"
16384,ethernet_localhost,"0,005055023936","82,82151216"
16384,ethernet_localhost,"0,007202379666","118,0037885"
16384,ethernet_localhost,"0,01599181219","262,009851"
16384,ethernet_localhost,"0,002506309635","41,06337705"
16384,ethernet_localhost,"0,003906631507","64,00625061"
16384,ethernet_localhost,"0,003935427505","64,47804425"
16384,ethernet_localhost,"0,03194581989","523,4003131"
16384,ethernet_localhost,"0,04386926958","718,7541127"
16384,ethernet_localhost,"0,05207790855","853,2444537"
16384,ethernet_localhost,"0,004642762629","76,06702292"
16384,ethernet_localhost,"0,009968698287","163,3271527"
16384,ethernet_localhost,"0,09930486594","1627,010924"
16384,ethernet_localhost,"0,006497894682","106,4615065"
16384,ethernet_localhost,"0,003393914711","55,60589862"
16384,ethernet_localhost,"0,01105644314","181,1487644"
16384,ethernet_localhost,"0,003962812963","64,92672759"
16384,ethernet_localhost,"0,05632216277","922,7823148"
16384,ethernet_localhost,"0,2933411558","4806,101496"
16384,ethernet_localhost,"0,009886502946","161,9804643"
16384,ethernet_chrysalis,"1,248439451","20454,43196"
16384,ethernet_chrysalis,"0,25",4096
16384,ethernet_chrysalis,"0,002414170213","39,55376478"
16384,ethernet_chrysalis,"0,007394590118","121,1529645"
16384,ethernet_chrysalis,"0,01382380182","226,4891691"
16384,ethernet_chrysalis,"0,03073707506","503,5962378"
16384,ethernet_chrysalis,"0,01217789469","199,5226265"
16384,ethernet_chrysalis,"0,007562923524","123,910939"
16384,ethernet_chrysalis,"0,009690485881","158,7689207"
16384,ethernet_chrysalis,"0,00630207086","103,253129"
16384,ethernet_chrysalis,"0,02464754018","403,8252982"
16384,ethernet_chrysalis,"0,004914560368","80,52015707"
16384,ethernet_chrysalis,"0,005444843733","89,20831972"
16384,ethernet_chrysalis,"0,004592949822","75,25088988"
16384,ethernet_chrysalis,"0,003990630001","65,38248193"
16384,ethernet_chrysalis,"0,01311406615","214,8608598"
16384,ethernet_chrysalis,"0,004662656782","76,39296871"
16384,ethernet_chrysalis,"0,0008817657889","14,44685069"
16384,ethernet_chrysalis,"0,005306165765","86,93621989"
16384,ethernet_chrysalis,"0,03404603023","557,8101593"
16384,ethernet_chrysalis,"0,002376860785","38,9424871"
16384,ethernet_chrysalis,"0,003372726782","55,2587556"
16384,ethernet_chrysalis,"0,002944250615","48,23860207"
16384,ethernet_chrysalis,"0,02316262479","379,4964445"
16384,ethernet_chrysalis,"0,003808696778","62,40168801"
16384,ethernet_chrysalis,"0,01163399453","190,6113664"
16384,ethernet_chrysalis,"0,01369562836","224,389175"
16384,ethernet_chrysalis,"0,006564264146","107,5489038"
16384,ethernet_chrysalis,"0,001347676202","22,08032689"
16384,ethernet_chrysalis,"0,0984736583","1613,392418"
16384,ethernet_chrysalis,"0,004147346942","67,9501323"
16384,ethernet_chrysalis,"0,01187634351","194,5820121"
16384,ethernet_chrysalis,"0,01076681238","176,403454"
16384,ethernet_chrysalis,"0,00253965674","41,60973603"
16384,ethernet_chrysalis,"0,003910924777","64,07659155"
16384,ethernet_chrysalis,"0,00814318985","133,4180225"
16384,ethernet_chrysalis,"0,008052113277","131,9258239"
16384,ethernet_chrysalis,"0,01328515251","217,6639388"
16384,ethernet_chrysalis,"0,04456129406","730,0922419"
16384,ethernet_chrysalis,"0,07922674695","1298,051022"
16384,ethernet_chrysalis,"0,006493506494","106,3896104"
16384,ethernet_chrysalis,"0,01952705473","319,9312648"
16384,ethernet_chrysalis,"0,01728190239","283,1466888"
16384,ethernet_chrysalis,"0,004644185712","76,0903387"
16384,ethernet_chrysalis,"0,001845049088","30,22928425"
16384,ethernet_chrysalis,"0,009786267909","160,3382134"
16384,ethernet_chrysalis,"0,005756621554","94,31648754"
16384,ethernet_chrysalis,"0,005229113613","85,67379743"
16384,ethernet_chrysalis,"0,003703909476","60,68485286"
16384,ethernet_chrysalis,"0,00591779006","96,95707235"
16384,ethernet_chrysalis,"0,004278605688","70,10067559"
16384,ethernet_chrysalis,"0,009489016463","155,4680457"
16384,ethernet_chrysalis,"0,1929756851","3161,713624"
16384,ethernet_chrysalis,"0,001607011714","26,32927991"
16384,ethernet_chrysalis,"0,00195672124","32,05892079"
16384,ethernet_chrysalis,"0,004191114837","68,66722548"
16384,ethernet_chrysalis,"0,004462194061","73,10858749"
16384,ethernet_chrysalis,"0,006885108199","112,8056127"
16384,ethernet_chrysalis,"0,2654632333","4349,349615"
16384,ethernet_chrysalis,"0,04702784048","770,5041384"
16384,ethernet_chrysalis,"0,01652428243","270,7338434"
16384,ethernet_chrysalis,"0,1606167684","2631,545133"
16384,ethernet_chrysalis,"0,002447519072","40,10015248"
16384,ethernet_chrysalis,"0,003375276773","55,30053464"
16384,ethernet_chrysalis,"0,1797591228","2945,173468"
16384,ethernet_chrysalis,"0,004136059824","67,76520416"
16384,ethernet_chrysalis,"0,0038056674","62,35205468"
16384,ethernet_chrysalis,"0,02879023435","471,6991996"
16384,ethernet_chrysalis,"0,01665722757","272,9120165"
16384,ethernet_chrysalis,"0,004820485134","78,97882843"
16384,ethernet_chrysalis,"0,3753753754","6150,15015"
16384,ethernet_chrysalis,"0,002175374328","35,64133298"
16384,ethernet_chrysalis,"0,0141446717","231,7463012"
16384,ethernet_chrysalis,"0,09821253192","1609,114123"
16384,ethernet_chrysalis,"0,02165861688","354,854779"
16384,ethernet_chrysalis,"0,02531581479","414,7743095"
16384,ethernet_chrysalis,"0,0190175532","311,5835917"
16384,ethernet_chrysalis,"0,0281064673","460,4963602"
16384,ethernet_chrysalis,"0,004329829058","70,93991929"
16384,ethernet_chrysalis,"0,003077084032","50,41494478"
16384,ethernet_chrysalis,"0,008224022369","134,7423825"
16384,ethernet_chrysalis,"0,001583373314","25,94198837"
16384,ethernet_chrysalis,"0,01313439109","215,1938636"
16384,ethernet_chrysalis,"0,02575262033","421,9309315"
16384,ethernet_chrysalis,"0,0120215426","196,960954"
16384,ethernet_chrysalis,"0,01592787857","260,9623624"
16384,ethernet_chrysalis,"0,004579215855","75,02587257"
16384,ethernet_chrysalis,"0,002437965956","39,94363423"
16384,ethernet_chrysalis,"0,002587844377","42,39924228"
16384,ethernet_chrysalis,"0,2299379168","3767,302828"
16384,ethernet_chrysalis,"0,01186859096","194,4549943"
16384,ethernet_chrysalis,"0,004477638672","73,36163201"
16384,ethernet_chrysalis,"0,003253916088","53,31216119"
16384,ethernet_chrysalis,"0,003875698595","63,49944578"
16384,ethernet_chrysalis,"0,03692625826","604,9998154"
16384,ethernet_chrysalis,"0,01482733568","242,9310677"
16384,ethernet_chrysalis,"0,005879274968","96,32604107"
16384,ethernet_chrysalis,"0,08502678344","1393,07882"
16384,ethernet_chrysalis,"0,003550039583","58,16384853"
16384,ethernet_chrysalis,"0,5479452055","8977,534247"